{
    "metrics": {
        "http_req_sending": {
            "max": 116.578,
            "p(90)": 4.3306000000000004,
            "p(95)": 10.462,
            "avg": 2.0838276666666666,
            "min": 0,
            "med": 0.066
        },
        "http_req_failed": {
            "passes": 1318,
            "fails": 1682,
            "thresholds": {
                "rate<0.05": true
            },
            "value": 0.43933333333333335
        },
        "http_req_waiting": {
            "avg": 1347.374148000001,
            "min": 0,
            "med": 1327.737,
            "max": 3459.466,
            "p(90)": 3181.8885999999998,
            "p(95)": 3348.2963499999996
        },
        "checks": {
            "passes": 1682,
            "fails": 1318,
            "value": 0.5606666666666666
        },
        "http_req_connecting": {
            "avg": 82.36328900000018,
            "min": 0,
            "med": 117.279,
            "max": 237.847,
            "p(90)": 168.5172,
            "p(95)": 181.09189999999998
        },
        "iterations": {
            "rate": 807.2849392921726,
            "count": 3000
        },
        "http_req_duration": {
            "avg": 1349.5275536666657,
            "min": 0,
            "med": 1331.3605,
            "max": 3461.014,
            "p(90)": 3189.7616,
            "p(95)": 3351.62975,
            "thresholds": {
                "p(95)<2000": true
            }
        },
        "vus_max": {
            "value": 3000,
            "min": 3000,
            "max": 3000
        },
        "http_req_receiving": {
            "max": 39.148,
            "p(90)": 0.10010000000000008,
            "p(95)": 0.18504999999999985,
            "avg": 0.06957799999999988,
            "min": 0,
            "med": 0.027
        },
        "http_req_duration{expected_response:true}": {
            "avg": 2407.0051492271086,
            "min": 205.04,
            "med": 2500.911,
            "max": 3461.014,
            "p(90)": 3329.9533,
            "p(95)": 3400.67115
        },
        "http_reqs": {
            "count": 3000,
            "rate": 807.2849392921726
        },
        "http_req_tls_handshaking": {
            "p(95)": 0,
            "avg": 0,
            "min": 0,
            "med": 0,
            "max": 0,
            "p(90)": 0
        },
        "data_sent": {
            "count": 363312,
            "rate": 97765.43528803927
        },
        "http_req_blocked": {
            "p(90)": 170.4695,
            "p(95)": 186.195,
            "avg": 83.6315473333333,
            "min": 0,
            "med": 119.813,
            "max": 240.959
        },
        "vus": {
            "max": 2855,
            "value": 390,
            "min": 390
        },
        "iteration_duration": {
            "med": 1487.1225625,
            "max": 3670.378959,
            "p(90)": 3323.8621836,
            "p(95)": 3490.2879399,
            "avg": 1741.3278483740014,
            "min": 94.108458
        },
        "data_received": {
            "count": 691050,
            "rate": 185958.08576595195
        }
    },
    "root_group": {
        "id": "d41d8cd98f00b204e9800998ecf8427e",
        "groups": {},
        "checks": {
                "valid status": {
                    "path": "::valid status",
                    "id": "7ddbfe30ff7a0c4d6d3db50ef9cca9b2",
                    "passes": 1682,
                    "fails": 1318,
                    "name": "valid status"
                }
            },
        "name": "",
        "path": ""
    }
}